,Name,Ref,Link,Inst,RA,DEC,Distance,z,+dz,-dz,M [M_sun],+dM,-dM,L_bol [erg/s],+dL_bol,-dL_bol,f_Edd,+df_Edd,-df_Edd,M1450,+dM1450,-dM1450,F444W,+dF44W,-dF444W,SFR_CII,+dSFR_CII,-dSFR_CII,SFR_TIR,+dSFR_TIR,-dSFR_TIR,Mstar,comment
0,J1342+0928,"Banados et al. (2018), Venemans et al. (2017), Onoue et al. (2020), Novak et al. (2019), Yang et al. (2021)","https://arxiv.org/abs/1712.01860, https://iopscience.iop.org/article/10.3847/2041-8213/aa943a, https://arxiv.org/pdf/2006.16268, https://iopscience.iop.org/article/10.3847/1538-4357/ab2beb, https://iopscience.iop.org/article/10.3847/1538-4357/ac2b32",ULAS,13:42:08.097,+09:28:38.28,,7.5413,0.0007,0.0007,9.1e8,1.4e8,1.3e8,13.3e46,1.1e46,1.1e46,1.1,0.2,0.2,-26.57,0.04,0.04,,,,,,,150,30,30,,"coordinates from Venemens et al. (2017), mass, Edd, M1450 from Onoue et al. (2020), SFR from Novak et al. (2019)"
1,J1243+0100,"Matsuoka et al. (2019), Izumi et al. (2021)","https://arxiv.org/abs/1901.10487, https://arxiv.org/pdf/2104.05738###",HSC,12:43:53.93,+01:00:38.50,,7.0749,0.001,0.001,3.3e8,2e8,2e8,1.4e46,0.1e46,0.1e46,0.34,0.2,0.2,-24.13,0.08,0.08,,,,220,8,8,742,16,16,,"z, SFR from Izumi et al. (2021)"
2,J1120+0641,"Mortlock et al.(2011), De Rosa et al. (2014), Yang et al. (2021)","https://arxiv.org/abs/1106.6088, https://arxiv.org/pdf/1311.3260, https://iopscience.iop.org/article/10.3847/1538-4357/ac2b32",ULAS,11:20:01.48,+06:41:24.30,,7.0851,0.0005,0.0005,1.35e9,0.04e9,0.04e9,13.4e46,1.0e46,1.0e46,0.8,0.1,0.1,-26.44,,,,,,,,,,,,,"coordinates from De Rosa et al. (2014), z, M1450, M, L_bol from Yang et al. (2021)"
3,J0038-1527,Wang et al. (2018),https://arxiv.org/abs/1810.11925,DELS,00:38:36.10,-15:27:23.06,,7.021,0.005,0.005,1.33e9,0.25e9,0.25e9,2.16e47,,,1.25,0.19,0.19,-27.10,0.08,0.08,,,,,,,,,,,
4,J0252-0503,"Yang et al. (2019), Wang et al (2020)","https://iopscience.iop.org/article/10.3847/1538-3881/ab1be1/meta, https://arxiv.org/abs/2004.10877",DES,02:52:16.64,-05:03:31.80,,7.02,0.001,0.001,1.39e9,1.6e8,1.6e8,1.3e47,0.1e47,0.1e47,0.7,0.1,0.1,-26.50,0.09,0.09,,,,,,,,,,,"M1450 from Yang et al. (2019), z from Wang et al (2020)"
5,J2356+0017,Matsuoka et al. (2019),https://arxiv.org/abs/1908.07910,HSC,23:56:46.33,+00:17:47.30,,7.01,,,5.5e8,2.06e7,1.99e7,,,,,,,-25.31,0.04,0.04,,,,,,,,,,,
6,J0313−1806,Wang et al. (2021),https://arxiv.org/abs/2101.03179,PS1+DELS+VHS+WISE,03:13:43.84,-18:06:36.40,,7.6423,0.0013,0.0013,1.6e9,0.4e9,0.4e9,1.4e47,0.1e47,0.1e47,0.67,0.14,0.14,-26.13,0.05,0.05,,,,40-240,,,225,25,25,,
7,J1007+2115,Yang et al. (2020),https://arxiv.org/abs/2006.13452,PS1+DELS+UHS+WISE,10:07:58.26,+21:15:29.20,,7.5149,0.0004,0.0004,1.5e9,0.2e9,0.2e9,1.9e47,0.1e47,0.1e47,1.06,0.2,0.2,-26.66,0.07,0.07,,,,80-520,,,700,,,,
8,UHZ1,"Bogdan et al. (2023), Castellano et al. (2023), Goulding et al. (2023)","https://arxiv.org/abs/2305.15458, https://iopscience.iop.org/article/10.3847/2041-8213/accea5/meta, https://arxiv.org/pdf/2308.02750",JWST,00:14:16.096,-30:22:40.285,,10.073,0.002,0.002,4e7,6e7,3e7,5e45,,,,,,,,,87.7,7.2,7.2,4.5,2.9,2.2,4.5,2.9,2.2,0.4e8,"F444W, SFR, Mstar from Castellano et al. (2023), z from Goulding et al. (2023)"
9,GHZ9,"Kovacs et al. (2024), Castellano et al. (2023), Atek et al. (2023)","https://arxiv.org/abs/2403.14745, https://iopscience.iop.org/article/10.3847/2041-8213/accea5/meta, https://arxiv.org/pdf/2305.01793",JWST,00:13:54.90,-30:20:43.93,,10.37,0.32,1.09,8e7,3.7e7,3.2e7,1e46,0.5e46,0.4e46,,,,,,,40.9,3.9,3.9,,,,,,,3.3e8,"F444W, Mstar, SFR [14.4 (+15.0/-7.3)] from Castellano et al. (2023), SFR [0.56 (+0.23/-0.29)] from Atek et al. (2023)"
10,GNz11,"Maiolino et al. (2023), Bunker et al. (2023), Oesch et al. (2016)","https://arxiv.org/abs/2305.12492, https://arxiv.org/pdf/2302.07256, https://arxiv.org/pdf/1603.00461",JWST,12:36:25.46,+62:14:31.40,,10.6,,,1.6e6,1e0.3,1e0.3,1.08e45,,,,,,,,,,,,31,59,19,31,59,19,,"SFR from Bunker et al. (2023), coordinates from Oesch et al. (2016)"
11,CEERS_1019,Larson et al. (2023),https://arxiv.org/abs/2303.08918,JWST,14:20:08.49,+52:53:26.38,,8.679,0.09,0.15,8.913e6,1.198e7,5.111e6,1.259e45,7.363e44,4.646e44,1.2,0.5,0.5,,,,,,,30,,,30,,,,
12,J1205−0000,"Onoue et al. (2019), Sawamura et al. (2025), Izumi et al. (2021)","https://arxiv.org/abs/1904.07278, https://arxiv.org/pdf/2502.16858, https://iopscience.iop.org/article/10.3847/1538-4357/abd7ef",HSC,12:05:05.09,-00:00:27.90,,6.7230,0.0003,0.0003,2.2e9,0.2e9,0.6e9,,,,0.16,0.04,0.02,-24.56,0.04,0.04,,,,122,5,5,528,8,8,,
13,J2239+0207,"Onoue et al. (2019), Ishimoto et al. (2020)","https://arxiv.org/abs/1904.07278, https://iopscience.iop.org/article/10.3847/1538-4357/abb80b/pdf",HSC,22:39:47.47,+02:07:47.50,,6.245,0.008,0.007,1.1e9,0.3e9,0.2e9,,,,0.17,0.04,0.05,-24.69,0.04,0.04,,,,,,,,,,,coordinates from Ishimoto et al. (2020)
14,J2216−0016,"Onoue et al. (2019), Ishimoto et al. (2020)","https://arxiv.org/abs/1904.07278, https://iopscience.iop.org/article/10.3847/1538-4357/abb80b/pdf",HSC,22:16:44.47,-00:16:50.10,,6.109,0.007,0.008,0.7e9,0.14e9,0.23e9,,,,0.15,0.05,0.03,-23.82,0.04,0.04,,,,,,,,,,,coordinates from Ishimoto et al. (2020)
15,J1208−0200,"Onoue et al. (2019), Ishimoto et al. (2020)","https://arxiv.org/abs/1904.07278, https://iopscience.iop.org/article/10.3847/1538-4357/abb80b/pdf",HSC,12:08:59.23,-02:00:34.80,,6.144,0.008,0.01,0.71e9,0.24e9,0.52e9,,,,0.24,0.18,0.08,-24.73,0.02,0.02,,,,,,,,,,,coordinates from Ishimoto et al. (2020)
16,J0100+2802,"Wu et al. (2015), D'Odorico et al. (2023), Venemans et al. (2020), Mazzucchelli et al. (2023)","https://arxiv.org/abs/1502.07418, https://academic.oup.com/mnras/article/523/1/1399/7172883, https://iopscience.iop.org/article/10.3847/1538-4357/abc563, https://arxiv.org/pdf/2306.16474",SDSS,01:00:13.02,+28:02:25.80,,6.3269,0.0002,0.0002,1.259e10,7.363e9,2.589e9,1.413e48,1.363e47,1.243e47,0.99,0.22,0.22,-29.26,0.20,0.20,,,,,,,,,,,"coordinates from D'Odorico et al. (2023), distance, z from Venemans et al. (2020), mass, L_bol from Mazzucchelli et al. (2023)"
17,J158–14,Eilers et al. (2020),https://arxiv.org/abs/2002.01811,PSO,10:34:46.509,-14:25:15.855,,6.052,0.001,0.001,1.57e9,0.12e9,0.12e9,2.04e47,,,1.01,0.08,0.08,-27.41,,,,,,230,,,,,,,
18,J0330–4025,"Eilers et al. (2020), Reed et al. (2017)","https://arxiv.org/abs/2002.01811, https://academic.oup.com/mnras/article/468/4/4702/3089747",VDES,03:30:27.920,-40:25:16.200,,6.239,0.004,0.004,4.96e9,0.51e9,0.51e9,8.91e46,,,0.14,0.01,0.01,-26.42,0.06,0.06,,,,,,,,,,,M1450 from Reed et al. (2017)
19,J2100–1715,Eilers et al. (2020),https://arxiv.org/abs/2002.01811,CFHQS,21:00:54.616,-17:15:22.500,,6.082,0.002,0.002,2.18e9,0.21e9,0.21e9,4.37e46,,,0.15,0.02,0.02,-25.55,,,,,,170,,,,,,,
20,J2229+1457,"Eilers et al. (2020), Willott et al. (2015)","https://arxiv.org/abs/2002.01811, https://iopscience.iop.org/article/10.1088/0004-637X/801/2/123#apj509348t2",CFHQS,22:29:01.649,+14:57:08.980,,6.144,0.006,0.006,1.44e9,0.25e9,0.25e9,2.29e46,,,0.12,0.02,0.02,-24.78,,,,,,60,8,8,19,10,10,,SFR from Willott et al. (2015)
21,J004+17,"Eilers et al. (2020), ",https://arxiv.org/abs/2002.01811,PSO,00:17:34.467,+17:05:10.696,,5.8165,0.0023,0.0023,1.05e9,,,,,,,,,-26.01,,,,,,20,,,,,,,
22,J1335+3533,"Eilers et al. (2018), Ishimoto et al. (2020)","https://arxiv.org/abs/1806.05691, https://iopscience.iop.org/article/10.3847/1538-4357/abb80b/pdf",SDSS,13:35:50.81,+35:33:15.82,,5.9012,0.0019,0.0019,4.09e9,0.58e9,0.58e9,1.62e47,0.03e47,0.03e47,0.30,0.04,0.04,-26.67,,,,,,,,,,,,,coordinates from Ishimoto et al. (2020)
23,954,"Maiolino et al. (2024), Juodžbalis et al. (2025)","https://arxiv.org/abs/2308.01230, https://arxiv.org/html/2504.03551v1",JWST,12:36:36.47,+62:15:34.70,,6.759,,,5.495e7,5.725e7,2.865e7,1.738e45,7.169e44,5.629e44,0.25,0.05,0.05,,,,,,,,,,,,,4.571e10,"coordinates, z, mass, L_bol, f_Edd from Juodžbalis et al. (2025)"
24,1093,"Maiolino et al. (2024), Juodžbalis et al. (2025)","https://arxiv.org/abs/2308.01230, https://arxiv.org/html/2504.03551v1",JWST,12:36:43.14,+62:13:28.67,,5.594,,,1.175e7,1.395e7,6.254e6,3.311e44,1.701e44,1.020e44,0.15,0.06,0.04,,,,,,,,,,,,,2.188e8,"coordinates, z, mass, L_bol, f_Edd from Juodžbalis et al. (2025)"
25,3608,Maiolino et al. (2024),https://arxiv.org/abs/2308.01230,JWST,,,,5.26894,,,6.60693e6,9.242e6,3.51664e6,1.e44,,,0.11,,,,,,,,,,,,,,,2.399e8,tentative source according to https://arxiv.org/html/2504.03551v1 Juodžbalis et al. (2025)
26,8083,"Maiolino et al. (2024), Juodžbalis et al. (2025)","https://arxiv.org/abs/2308.01230, https://arxiv.org/html/2504.03551v1",JWST,03:32:31.88,-27:48:06.70,,4.753,,,1.288e7,1.342e7,6.573e6,1.148e44,1.401e43,1.249e43,0.07,0.01,0.01,,,,,,,,,,,,,2.818e8,"coordinates, z, mass, L_bol, f_Edd from Juodžbalis et al. (2025)"
27,11836,"Maiolino et al. (2024), Juodžbalis et al. (2025)","https://arxiv.org/abs/2308.01230, https://arxiv.org/html/2504.03551v1",JWST,12:36:52.94,+62:15:49.25,,4.409,,,1.000e7,1.089e7,5.214e6,1.585e44,1.934e43,1.724e43,0.13,0.03,0.02,,,,,,,,,,,,,6.166e7,"coordinates, z, mass, L_bol, f_Edd from Juodžbalis et al. (2025)"
28,20621,"Maiolino et al. (2024), Juodžbalis et al. (2025)","https://arxiv.org/abs/2308.01230, https://arxiv.org/html/2504.03551v1",JWST,12:36:29.40,+62:17:34.26,,4.682,,,1.230e7,1.524e7,6.679e6,1.738e44,1.213e44,6.158e43,0.11,0.06,0.03,,,,,,,,,,,,,1.148e8,"coordinates, z, mass, L_bol, f_Edd from Juodžbalis et al. (2025)"
29,53757,"Maiolino et al. (2024), Juodžbalis et al. (2025)","https://arxiv.org/abs/2308.01230, https://arxiv.org/html/2504.03551v1",JWST,12:37:04.75,+62:11:39.16,,4.447,,,2.138e7,2.227e7,1.091e7,1.950e44,9.189e42,8.776e42,0.07,0.01,0.009,,,,,,,,,,,,,1.514e10,"coordinates, z, mass, L_bol, f_Edd from Juodžbalis et al. (2025)"
30,61888,"Maiolino et al. (2024), Juodžbalis et al. (2025)","https://arxiv.org/abs/2308.01230, https://arxiv.org/html/2504.03551v1",JWST,12:36:40.32,+62:13:01.24,,5.874,,,1.202e7,1.368e7,6.268e6,2.884e44,1.006e44,5.932e43,0.20,0.06,0.03,,,,,,,,,,,,,1.288e8,"coordinates, z, mass, L_bol, f_Edd from Juodžbalis et al. (2025)"
31,62309,"Maiolino et al. (2024), Juodžbalis et al. (2025)","https://arxiv.org/abs/2308.01230, https://arxiv.org/html/2504.03551v1",JWST,12:36:59.76,+62:13:06.06,,5.172,,,1.995e6,2.576e6,1.062e6,3.715e43,1.297e43,8.970e42,0.15,0.05,0.05,,,,,,,,,,,,,1.318e8,"coordinates, z, mass, L_bol, f_Edd from Juodžbalis et al. (2025)"
32,73488,"Maiolino et al. (2024), Juodžbalis et al. (2025)","https://arxiv.org/abs/2308.01230, https://arxiv.org/html/2504.03551v1",JWST,12:36:47.38,+62:10:38.03,,4.133,,,8.913e7,8.870e7,4.446e7,2.818e45,4.929e44,3.065e44,0.25,0.02,0.02,,,,,,,,,,,,,6.026e9,"coordinates, z, mass, L_bol, f_Edd from Juodžbalis et al. (2025)"
33,77652,"Maiolino et al. (2024), Juodžbalis et al. (2025)","https://arxiv.org/abs/2308.01230, https://arxiv.org/html/2504.03551v1",JWST,12:37:10.38,+62:11:56.40,,5.229,,,4.169e6,4.951e6,2.173e6,1.288e44,1.243e43,1.401e43,0.24,0.09,0.08,,,,,,,,,,,,,7.413e7,"coordinates, z, mass, L_bol, f_Edd from Juodžbalis et al. (2025)"
34,10013704,"Maiolino et al. (2024), Juodžbalis et al. (2025)","https://arxiv.org/abs/2308.01230, https://arxiv.org/html/2504.03551v1",JWST,03:32:30.37,-27:49:05.12,,5.919,,,2.754e7,2.869e7,1.405e7,1.950e44,9.189e42,8.776e42,0.055,0.007,0.006,,,,,,,,,,,,,7.586e8,"coordinates, z, mass, L_bol, f_Edd from Juodžbalis et al. (2025)"
35,GS_3073,"Ubler et al. (2023), Barchiesi et al. (2022)","https://arxiv.org/abs/2302.06647, https://arxiv.org/pdf/2212.00038",JWST,03:32:18.93,-27:53:02.96,,5.55,,,1.58489e8,2.39618e8,9.53936e7,5.0e45,1.08e46,3.43e45,0.25,1.35,0.15,,,,,,,16,14,7,,,,,"use H-alpha for mass, use geometric mean of two method for L_bol, SFR [90 (+30/-30)] from Barchiesi et al. (2022)"
36,CEERS_01244,Harikane et al. (2023),https://arxiv.org/pdf/2303.11946,JWST,14:20:57.76,+53:02:09.80,,4.478,,,3.2e7,0.3e7,0.2e7,1.9e45,3.8e45,0.6e45,0.46,1.04,0.16,,,,,,,,,,,,,,
37,GLASS_160133,Harikane et al. (2023),https://arxiv.org/pdf/2303.11946,JWST,00:14:19.27,-30:25:27.80,,4.015,,,2.3e6,0.1e6,0.1e6,1.1e45,6.1e45,0.9e45,3.68,21.21,2.84,,,,,,,,,,,,,,
38,GLASS_150029,Harikane et al. (2023),https://arxiv.org/pdf/2303.11946,JWST,00:14:18.52,-30:25:21.30,,4.583,,,3.7e6,0.2e6,0.3e6,9.1e44,13.8e44,7.1e44,1.89,3.31,1.49,,,,,,,,,,,,,,
39,CEERS_00746,Harikane et al. (2023),https://arxiv.org/pdf/2303.11946,JWST,14:19:14.19,+52:52:06.05,,5.624,,,5.8e7,1.5e7,1.3e7,1.1e46,0.1e46,0.2e46,1.47,0.60,0.52,,,,,,,,,,,,,,
40,CEERS_01665,Harikane et al. (2023),https://arxiv.org/pdf/2303.11946,JWST,14:20:42.77,+53:03:33.07,,4.483,,,1.9e7,0.8e7,0.5e7,4.8e45,7.2e45,3.6e45,1.93,4.61,1.59,,,,,,,,,,,,,,
41,CEERS_00672,Harikane et al. (2023),https://arxiv.org/pdf/2303.11946,JWST,14:19:33.52,+52:49:58.07,,5.666,,,5.0e7,1.7e7,1.3e7,4.3e45,0.4e45,1.4e45,0.65,0.31,0.33,,,,,,,,,,,,,,
42,CEERS_02782,Harikane et al. (2023),https://arxiv.org/pdf/2303.11946,JWST,14:19:17.63,+52:49:49.00,,5.241,,,4.2e7,1.2e7,1.0e7,2.8e45,2.3e45,1.4e45,0.51,0.71,0.32,,,,,,,,,,,,,,
43,CEERS_00397,Harikane et al. (2023),https://arxiv.org/pdf/2303.11946,JWST,14:19:20.69,+52:52:57.07,,6.000,,,1.0e7,0.8e7,0.5e7,2.8e45,14.2e45,2.2e45,2.02,20.68,1.80,,,,,,,,,,,,,,
44,CEERS_00717,Harikane et al. (2023),https://arxiv.org/pdf/2303.11946,JWST,14:20:19.54,+52:58:19.09,,6.936,,,9.8e7,4.4e7,3.2e7,7.1e44,51.8e44,4.3e44,0.06,0.63,0.04,,,,,,,,,,,,,,
45,CEERS_01236,Harikane et al. (2023),https://arxiv.org/pdf/2303.11946,JWST,14:20:34.87,+52:58:02.02,,4.484,,,1.8e7,1.0e7,0.6e7,1.8e44,2.6e44,0.5e44,0.08,0.20,0.04,,,,,,,,,,,,,,
46,J172+18,Banados et al. (2021),https://www.mpg.de/16498963/mpia-pr_banados_quasar_2021_preprint.pdf,PSO,11:29:25.37,+18:46:24.29,,6.823,0.003,0.001,2.9e8,0.7e8,0.6e8,6.5e46,,,2.2,0.6,0.4,-25.81,0.10,0.10,,,,,,,,,,,
47,J2157-3602,"Wolf et al. (2018), Onken et al. (2020), Lai et al. (2023)","https://arxiv.org/abs/1805.04317, https://arxiv.org/pdf/2005.06868, https://arxiv.org/pdf/2302.10397",SMSS,21:57:28.23,-36:02:15.21,,4.692,,,2.042e10,9.782e9,5.626e9,7.413e47,1.919e47,1.525e47,0.29,0.11,0.10,,,,,,,,,,,,,,"z from Onken et al. (2020), mass, L_bol, f_Edd from Lai et al. (2023)"
48,J1609+5328,Matsuoka et al. (2019),https://arxiv.org/pdf/1908.07910,HSC,16:09:53.03,+53:28:21.00,,6.92,,,5.205e7,1.903e8,4.087e7,,,,,,,-22.75,1.67,1.67,,,,,,,,,,,
49,J0839+3900,"Wang et al. (2019), Yang et al. (2021)","https://iopscience.iop.org/article/10.3847/1538-4357/ab2be5/pdf, https://iopscience.iop.org/article/10.3847/1538-4357/ac2b32",DELS,08:39:46.88,+39:00:11.50,,6.905,0.01,0.01,0.671e9,0.003e9,0.003e9,1.78e46,0.7e46,0.7e46,2.1,0.1,0.1,-26.29,0.20,0.20,,,,,,,,,,,"mass, L_bol, f_Edd from Yang et al. (2019)"
50,J2348-3054,"Banados et al. (2016), Venemans et al. (2020), Venemens et al. (2015), Venemans et al. (2013)","https://arxiv.org/pdf/1608.03279, https://iopscience.iop.org/article/10.3847/1538-4357/abc563, https://iopscience.iop.org/article/10.3847/0004-637X/816/1/37/meta, https://iopscience.iop.org/article/10.1088/0004-637X/779/1/24",VIK,23:48:33.34,-30:54:10.24,,6.9007,0.0005,0.0005,2.1e9,0.5e9,0.5e9,,,,,,,-25.72,0.14,0.14,,,,100-680,,,,,,,"z from Venemans et al. (2020), SFR from Venemens et al. (2015), mass, M1450 from Venemans et al. (2013)"
51,J2210+0304,Matsuoka et al. (2018),https://arxiv.org/pdf/1803.01861,HSC,22:10:27.24,+03:04:28.50,,6.9,,,2.468e8,1.402e7,1.327e7,,,,,,,-24.44,0.06,0.06,,,,,,,,,,,
52,J2211-6320,"Yang et al. (2021), Wang et al. (2024)","https://iopscience.iop.org/article/10.3847/1538-4357/ac2b32, https://arxiv.org/html/2404.15413v1#S1",DES,22:11:00.60,-63:20:55.90,,6.8449,0.0003,0.0003,0.55e9,0.24e9,0.24e9,5.9e46,0.2e46,0.2e46,0.8,0.4,0.4,-25.38,,,,,,132-828,,,,,,,"coordinates, SFR_CII from Wang et al. (2024)"
53,J0246-5219,"Yang et al. (2021), Wang et al. (2024)","https://iopscience.iop.org/article/10.3847/1538-4357/ac2b32, https://arxiv.org/html/2404.15413v1#S1",DES,02:46:55.90,-52:19:49.90,,6.8876,0.0003,0.0003,1.05e9,0.37e9,0.37e9,10.2e46,1.0e46,1.0e46,0.8,0.3,0.3,-25.36,,,,,,193-1210,,,,,,,"coordinates, SFR_CII from Wang et al. (2024)"
54,J0020-3653,Reed et al. (2019),https://academic.oup.com/mnras/article/487/2/1874/5505847,VDES,00:20:31.47,-36:53:41.80,,6.834,0.0004,0.0004,1.67e9,0.32e9,0.32e9,1.35e47,0.03e47,0.03e47,0.62,0.12,0.12,-26.92,0.03,0.03,,,,,,,,,,,
55,J0319-1008,"Yang et al. (2021), Wang et al. (2024)","https://iopscience.iop.org/article/10.3847/1538-4357/ac2b32, https://arxiv.org/html/2404.15413v1#S1",DES,03:19:41.66,-10:08:46.00,,6.8275,0.0021,0.0021,0.40e9,0.03e9,0.03e9,9.6e46,1.4e46,1.4e46,1.9,0.3,0.3,-25.36,,,,,,146-916,,,,,,,"coordinates, SFR_CII from Wang et al. (2024)"
56,J0112+0110,Matsuoka et al. (2019),https://arxiv.org/pdf/1908.07910,HSC,01:12:57.84,+01:10:42.40,,6.82,,,1.755e8,6.678e7,4.838e7,,,,,,,-24.07,0.35,0.35,,,,,,,,,,,
57,J0411-0907,"Yang et al. (2021), Wang et al. (2024), Wang et al. (2019)","https://iopscience.iop.org/article/10.3847/1538-4357/ac2b32, https://arxiv.org/html/2404.15413v1#S1, https://iopscience.iop.org/article/10.3847/1538-4357/ab2be5/pdf",DELS,04:11:28.63,-09:07:49.70,,6.8260,0.0007,0.0007,0.95e9,0.09e9,0.09e9,15.9e46,1.0e46,1.0e46,1.3,0.2,0.2,-26.61,0.12,0.12,,,,119-745,,,,,,,"coordinates, SFR_CII from Wang et al. (2024), M1450 from Wang et al. (2019)"
58,J1429-0104,Matsuoka et al. (2018),https://arxiv.org/pdf/1704.05854,HSC,14:29:03.08,-01:04:43.40,,6.8,,,6.552e7,1.773e7,1.395e7,,,,,,,-23.00,0.26,0.26,,,,,,,,,,,
59,J0109-3047,"Banados et al. (2016), Venemans et al. (2020)","https://arxiv.org/pdf/1608.03279, https://iopscience.iop.org/article/10.3847/1538-4357/abc563",VIK,01:09:53.13,-30:47:26.31,,6.7904,0.0003,0.0003,7.454e8,,,,,,,,,-25.64,,,,,,,,,,,,,z from Venemans et al. (2020)
60,J1612+5559,Matsuoka et al. (2019),https://arxiv.org/pdf/1908.07910,HSC,16:12:07.12,+55:59:19.20,,6.78,,,6.674e7,2.288e7,1.704e7,,,,,,,-23.02,0.32,0.32,,,,,,,,,,,
61,J0829+4117,"Wang et al. (2019), Yang et al. (2021)","https://iopscience.iop.org/article/10.3847/1538-4357/ab2be5/pdf, https://iopscience.iop.org/article/10.3847/1538-4357/ac2b32",DELS,08:29:31.98,+41:17:40.90,,6.768,0.006,0.006,0.71e9,0.02e9,0.02e9,12.8e46,1.2e46,1.2e46,1.4,0.1,0.1,-26.36,0.15,0.15,,,,<19-122,,,,,,,"mass, L_bol, f_Edd from Yang et al. (2021), coordinates, SFR_CII from Wang et al. (2024)"
62,J1104+2134,"Yang et al. (2021), Wang et al. (2024), Wang et al. (2019)","https://iopscience.iop.org/article/10.3847/1538-4357/ac2b32, https://arxiv.org/html/2404.15413v1#S1, https://iopscience.iop.org/article/10.3847/1538-4357/ab2be5/pdf",DELS,11:04:21.58,+21:34:28.90,,6.7662,0.0009,0.0009,1.69e9,0.15e9,0.15e9,15.1e46,0.9e46,0.9e46,0.7,0.1,0.1,-26.67,0.13,0.13,,,,,,,,,,,"coordinates, SFR_CII from Wang et al. (2024), M1450 from Wang et al. (2019)"
63,J0244-5008,Reed et al. (2019),https://academic.oup.com/mnras/article/487/2/1874/5505847,VDES,02:44:01.02,-50:08:53.70,,6.724,0.0008,0.0008,1.15e9,0.39e9,0.39e9,1.44e47,0.02e47,0.02e47,0.96,0.33,0.33,-26.72,0.05,0.05,,,,,,,,,,,
64,J0910+1656,"Yang et al. (2021), Wang et al. (2024), Wang et al. (2019)","https://iopscience.iop.org/article/10.3847/1538-4357/ac2b32, https://arxiv.org/html/2404.15413v1#S1, https://iopscience.iop.org/article/10.3847/1538-4357/ab2be5/pdf",DELS,09:10:13.65,+16:56:30.20,,6.7289,0.0005,0.0005,0.41e9,0.03e9,0.03e9,5.3e46,0.6e46,0.6e46,1.0,0.1,0.1,-25.57,0.14,0.14,,,,105-658,,,,,,,"coordinates, SFR_CII from Wang et al. (2024), M1450 from Wang et al. (2019)"
65,J1344+0128,Matusuka et al. (2019),https://arxiv.org/pdf/1908.07910,HSC,13:44:00.87,+01:28:27.80,,6.72,,,1.001e8,1.483e7,1.292e7,,,,,,,-23.46,0.15,0.15,,,,,,,,,,,
66,J0213-0626,"Matsuoka et al. (2018), Wang et al. (2024)","https://arxiv.org/pdf/1803.01861, https://arxiv.org/html/2404.15413v1#S1",HSC,02:13:16.94,-06:26:15.20,,6.72,,,5.157e8,9.588e6,9.413e6,1.514e44,7.133e42,6.812e42,,,,-25.24,0.02,0.02,,,,13-86,,,,,,,
67,J0837+4929,"Yang et al. (2021), Wang et al. (2024), Wang et al. (2019)","https://iopscience.iop.org/article/10.3847/1538-4357/ac2b32, https://arxiv.org/html/2404.15413v1#S1, https://iopscience.iop.org/article/10.3847/1538-4357/ab2be5/pdf",DELS,08:37:37.83,+49:29:00.60,,6.710,0.008,0.008,0.81e9,0.01e9,0.01e9,14.5e46,0.4e46,0.4e46,1.4,0.1,0.1,-26.42,0.18,0.18,,,,36-229,,,,,,,"coordinates, SFR_CII from Wang et al. (2024), M1450 from Wang et al. (2019)"
68,J0001+0000,Matsuoka et al. (2019),https://arxiv.org/pdf/1908.07910,HSC,00:01:42.54,+00:00:57.50,,6.69,,,2.585e8,1.866e8,1.084e8,,,,,,,-24.49,0.59,0.59,,,,,,,,,,,
69,J1231+0052,Matsuoka et al. (2019),https://arxiv.org/pdf/1908.07910,HSC,12:31:37.77,+00:52:30.30,,6.69,,,2.357e8,2.037e7,1.875e7,,,,,,,-24.39,0.09,0.09,,,,,,,,,,,
70,J2232+2930/J338.2+29.50,"Banados et al. (2016), Wang et al. (2019)","https://arxiv.org/pdf/1608.03279, https://iopscience.iop.org/article/10.3847/1538-4357/ab2be5/pdf",PSO,22:32:55.14,+29:30:32.31,,6.666,0.0004,0.0004,1.382e9,2.047e8,1.783e8,,,,,,,-26.31,0.15,0.15,,,,,,,,,,,"z, M1450 from Wang et al. (2019)"
71,J1216+4519,"Wang et al. (2019), Yang et al. (2021), Wang et al. (2024)","https://iopscience.iop.org/article/10.3847/1538-4357/ab2be5/pdf, https://iopscience.iop.org/article/10.3847/1538-4357/ac2b32, https://arxiv.org/html/2404.15413v1#S1",DELS,12:16:27.58,+45:19:10.70,,6.654,0.01,0.01,0.61e9,0.20e9,0.20e9,5.8e46,1.2e46,1.2e46,0.8,0.3,0.3,-25.58,0.14,0.14,,,,<16-104,,,,,,,"mass, L_bol, f_Edd from Yang et al. (2021), coordinates, SFR_CII from Wang et al. (2024)"
72,J2102-1458,"Wang et al. (2019), Yang et al. (2021), Wang et al. (2024)","https://iopscience.iop.org/article/10.3847/1538-4357/ab2be5/pdf, https://iopscience.iop.org/article/10.3847/1538-4357/ac2b32, https://arxiv.org/html/2404.15413v1#S1",VHS,21:02:19.23,-14:58:53.90,,6.6645,0.0002,0.0002,0.74e9,0.11e9,0.11e9,6.0e46,0.5e46,0.5e46,0.6,0.1,0.1,-25.50,0.2,0.2,,,,81-511,,,,,,,"z, mass, L_bol, f_Edd from Yang et al. (2021), coordinates, SFR_CII from Wang et al. (2024)"
73,J0910-0414,"Wang et al. (2019), Yang et al. (2021), Wang et al. (2024)","https://iopscience.iop.org/article/10.3847/1538-4357/ab2be5/pdf, https://iopscience.iop.org/article/10.3847/1538-4357/ac2b32, https://arxiv.org/html/2404.15413v1#S1",DELS,09:10:54.54,-04:14:06.90,,6.6363,0.0003,0.0003,3.59e9,0.61e9,0.61e9,15.0e46,1.1e46,1.1e46,0.3,0.1,0.1,-26.36,0.15,0.15,,,,271-1697	,,,,,,,"z, mass, L_bol, f_Edd from Yang et al. (2021), coordinates, SFR_CII from Wang et al. (2024)"
74,J1048-0109,"Venemans et al. (2020), Wang et al. (2019), ","https://iopscience.iop.org/article/10.3847/1538-4357/abc563, https://iopscience.iop.org/article/10.3847/1538-4357/ab2be5/pdf",DELS,10:48:19.077,-01:09:40.42,,6.6759,0.0002,0.0002,1.010e9,1.822e8,1.543e8,,,,,,,-25.97,0.18,0.18,,,,,,,,,,,M1450 from Wang et al. (2019)
75,J0024+3913/J006.1+39.22,"Tang et al. (2017), Koptelova et al. (2019)","https://academic.oup.com/mnras/article/466/4/4568/2712523, https://arxiv.org/pdf/1907.07458",PSO,00:24:29.77,+39:13:18.95,,6.61,0.02,0.02,2.19e8,0.30e8,0.30e8,,,,,,,-25.96,0.08,0.08,,,,,,,,,,,mass from Koptelova et al. (2019)
76,J0305-3150,Banados et al. (2016),https://arxiv.org/pdf/1608.03279,VIK,03:05:16.92,-31:50:55.90,,6.6145,,,1.226e9,,,,,,,,,-26.18,,,,,,,,,,,,,
77,J0923+0402,"Yang et al. (2021), Wang et al. (2024), Wang et al. (2019)","https://iopscience.iop.org/article/10.3847/1538-4357/ac2b32, https://arxiv.org/html/2404.15413v1#S1, https://iopscience.iop.org/article/10.3847/1538-4357/ab2be5/pdf",DELS/HSC,09:23:47.12,+04:02:54.40,,6.6330,0.0003,0.0003,1.77e9,0.02e9,0.02e9,21.7e46,3.0e46,3.0e46,1.0,0.1,0.1,-26.61,0.11,0.11,,,,116-729,,,,,,,"coordinates, SFR_CII from Wang et al. (2024), M1450 from Wang et al. (2019), additional information here: https://arxiv.org/pdf/2306.16474  Mazzucchelli et al. (2023)"
78,J2132+1217/J323.1+12.29,"Mazzucchelli et al. (2017), Wang et al. (2019)","https://arxiv.org/pdf/1710.01251, https://iopscience.iop.org/article/10.3847/1538-4357/ab2be5/pdf",PSO,21:32:33.191,+12:17:55.26,,6.5881,0.0003,0.0003,1.39e9,0.32e9,0.51e9,0.81e47,0.07e47,0.50e47,0.44,1.09,3.19,-27.04,0.12,0.12,,,,,,,,,,,M1450 from Wang et al. (2019)
79,J1526-2050/J231.6-20.83,Mazzucchelli et al. (2017),https://arxiv.org/pdf/1710.01251,PSO,15:26:37.841,-20:50:00.66,,6.5864,0.0005,0.0005,3.05e9,0.44e9,2.24e9,1.89e47,0.34e47,0.45e47,0.48,0.11,0.39,-27.14,,,,,,,,,,,,,
80,J0706+2921,"Yang et al. (2021), Wang et al. (2024), Wang et al. (2019)","https://iopscience.iop.org/article/10.3847/1538-4357/ac2b32, https://arxiv.org/html/2404.15413v1#S1, https://iopscience.iop.org/article/10.3847/1538-4357/ab2be5/pdf",DELS,07:06:26.38,+29:21:05.50,,6.6037,0.0003,0.0003,2.11e9,0.16e9,0.16e9,33.9e46,1.5e46,1.5e46,1.3,0.1,0.1,-27.51,0.08,0.08,,,,129-808,,,,,,,"coordinates, SFR_CII from Wang et al. (2024), M1450 from Wang et al. (2019), additional information here: https://arxiv.org/pdf/2306.16474  Mazzucchelli et al. (2023)"
81,J1135+5011,"Yang et al. (2021), Wang et al. (2024), Wang et al. (2019)","https://iopscience.iop.org/article/10.3847/1538-4357/ac2b32, https://arxiv.org/html/2404.15413v1#S1, https://iopscience.iop.org/article/10.3847/1538-4357/ab2be5/pdf",DELS,11:35:08.92,+50:11:32.60,,6.5851,0.0008,0.0008,1.49e9,0.05e9,0.05e9,10.8e46,0.8e46,0.8e46,0.6,0.1,0.1,-26.19,0.17,0.17,,,,107-669,,,,,,,"coordinates, SFR_CII from Wang et al. (2024), M1450 from Wang et al. (2019)"
82,J0921+0007,"Yang et al. (2021), Matsuoka et al. (2018), Wang et al. (2024)","https://iopscience.iop.org/article/10.3847/1538-4357/ac2b32, https://arxiv.org/pdf/1803.01861, https://arxiv.org/html/2404.15413v1#S1",HSC,09:21:20.56,+00:07:22.90,,6.5646,0.0003,0.0003,0.26e9,0.01e9,0.01e9,6.1e46,0.6e46,0.6e46,1.9,0.2,0.2,-24.79,0.10,0.10,,,,62-389,,,,,,,"coordinates, SFR_CII from Wang et al. (2024), M1450 from Matsuoka et al. (2018)"
83,J0226+0302/J036.5+03.04,"Banados et al. (2016), Mazzucchelli et al. (2017), ","https://arxiv.org/pdf/1608.03279, https://arxiv.org/pdf/1710.01251",PSO,02:26:01.87,+03:02:59.42,,6.541,0.002,0.002,3.00e9,0.92e9,0.77e9,2.0e47,0.22e47,0.64e47,0.51,0.17,0.21,-27.18,0.12,0.12,,,,,,,,,,,"z, mass, L_bol, f_Edd from Mazzucchelli et al. (2017), M1450 from Wang et al. (2019)"
84,J0224-4711,"Reed et al. (2019), Wang et al. (2024)","https://academic.oup.com/mnras/article/487/2/1874/5505847, https://arxiv.org/html/2404.15413v1#S1",VDES,02:24:26.54,-47:11:29.40,,6.526,0.0003,0.0003,2.12e9,0.42e9,0.42e9,3.13e47,0.04e47,0.04e47,1.13,0.22,0.22,-26.72,0.05,0.05,,,,370-2316,,,,,,,"SFR_CII from Wang et al. (2024), additional information here: https://arxiv.org/pdf/2306.16474  Mazzucchelli et al. (2023)"
85,J0439+1634,"Yang et al. (2021), Wang et al. (2024)","https://iopscience.iop.org/article/10.3847/1538-4357/ac2b32, https://arxiv.org/html/2404.15413v1#S1",UHS,04:39:47.10,+16:34:15.80,,6.5188,0.0004,0.0004,0.63e9,0.02e9,0.02e9,4.6e46,0.1e46,0.1e46,0.6,0.1,0.1,-25.31,,,,,,,,,,,,,"coordinates from Wang et al. (2024), additional information here: https://arxiv.org/pdf/2306.16474  Mazzucchelli et al. (2023)"
86,J1110-1329/J167.6-13.49,"Banados et al. (2016), Decarli et al. (2018), Mazzucchelli et al. (2017)","https://arxiv.org/pdf/1608.03279, https://iopscience.iop.org/article/10.3847/1538-4357/aaa5aa, https://arxiv.org/pdf/1710.01251",PSO,11:10:33.976,-13:29:45.60,,6.508,0.001,0.001,0.30e9,0.08e9,0.12e9,0.47e47,0.16e47,0.22e47,1.22,0.51,0.75,-25.62,,,,,,,,,,,,,"coordinates, z errors from Decarli et al. (2018), mass, L_bol, f_Edd from Mazzucchelli et al. (2017)"
87,J1545+4232,"Matsuoka et al. (2018), Ishimoto et al. (2020)","https://arxiv.org/pdf/1803.01861, https://iopscience.iop.org/article/10.3847/1538-4357/abb80b/pdf",HSC,15:45:05.62,+42:32:11.60,,6.511,0.003,0.004,3.314e8,5.618e7,4.804e7,4.786e44,3.423e43,3.195e43,,,,-24.76,0.17,0.17,,,,,,,,,,,"z, M1450 from Ishimoto et al. (2020)"
88,J1350-0027,Matsuoka et al. (2019),https://arxiv.org/pdf/1908.07910,HSC,13:50:12.04,-00:27:05.20,,6.49,,,2.336e8,4.467e7,3.750e7,,,,,,,-24.38,0.19,0.19,,,,,,,,,,,
89,J1629+2407/J247.2+24.12,Mazzucchelli et al. (2017),https://arxiv.org/pdf/1710.01251,PSO,16:29:11.296,+24:07:39.74,,6.476,0.004,0.004,0.52e9,0.22e9,0.25e9,1.77e47,0.06e47,0.76e47,2.60,0.08,0.15,-26.53,,,,,,,,,,,,,
90,J2131-4359,Yang et al. (2019),https://iopscience.iop.org/article/10.3847/1538-3881/ab1be1/meta,DES,21:31:10.29,-43:59:02.50,,6.45,,,3.876e8,1.004e8,7.972e7,,,,,,,-24.93,0.25,0.25,,,,,,,,,,,
91,J1724+1901/J261.0+19.02,"Mazzucchelli et al. (2017), Wang et al. (2019)","https://arxiv.org/pdf/1710.01251, https://iopscience.iop.org/article/10.3847/1538-4357/ab2be5/pdf",PSO,17:24:08.743,+19:01:43.12,,6.44,0.05,0.05,6.613e8,1.265e8,1.062e8,,,,,,,-25.51,0.19,0.19,,,,,,,,,,,M1450 from Wang et al. (2019)
92,J1212+0505/J183.1+05.09,"Mazzucchelli et al. (2017), Wang et al. (2019)","https://arxiv.org/pdf/1710.01251, https://iopscience.iop.org/article/10.3847/1538-4357/ab2be5/pdf",PSO,12:12:26.981,+05:05:33.49,,6.4386,0.0004,0.0004,2.170e9,2.093e8,1.909e8,,,,,,,-26.80,0.10,0.10,,,,,,,,,,,
93,J2318-3113,Decarli et al. (2018),https://iopscience.iop.org/article/10.3847/1538-4357/aaa5aa,VIK,23:18:18.351,-31:13:46.35,,6.444,0.005,0.005,1.149e9,,,,,,,,,-26.11,,,,,,,,,,,,,
94,J0210-0456,"Banados et al. (2016), Willott et al. (2015)","https://arxiv.org/pdf/1608.03279, https://iopscience.iop.org/article/10.1088/0004-637X/801/2/123#apj509348t2",CFHQS,02:10:13.19,-04:56:20.90,,6.4323,0.0005,0.0005,0.8e8,1.0e8,0.6e8,,,,,,,-24.53,,,,,,,,,,,,,"z, mass from Willott et al. (2015)"
95,J0045+0901/J011.3+09.03,Mazzucchelli et al. (2017),https://arxiv.org/pdf/1710.01251,PSO,00:45:33.568, +09:01:56.96,,6.42,0.05,0.05,9.917e8,,,,,,,,,-25.95,,,,,,,,,,,,,
96,J1148+5251,"Banados et al. (2016), Willott et al. (2015)","https://arxiv.org/pdf/1608.03279, https://iopscience.iop.org/article/10.1088/0004-637X/801/2/123#apj509348t2",SDSS,11:48:16.65,+52:51:50.39,,6.4189,0.0006,0.0006,4.9e9,4.9e9,2.5e9,,,,,,,-27.62,,,,,,,,,,,,,"z, mass from Willott et al. (2015)"
97,J2329-0301,"Banados et al. (2016), ishimoto et al. (2020)","https://arxiv.org/pdf/1608.03279, https://iopscience.iop.org/article/10.3847/1538-4357/abb80b/pdf",CFHQS,23:29:08.28,-03:01:58.80,,6.4164,0.0008,0.0008,5.205e8,,,,,,,,,-25.25,,,,,,,,,,,,,z from Ishimoto et al. (2020)
98,J0216-5226,Yang et al. (2019),https://iopscience.iop.org/article/10.3847/1538-3881/ab1be1/meta,DES,02:16:38.85,-52:26:20.60,,6.41,,,4.925e8,9.419e7,7.906e7,,,,,,,-25.19,0.19,0.19,,,,,,,,,,,
99,J1004+0239,Matsuoka et al. (2018),https://arxiv.org/pdf/1803.01861,HSC,10:04:01.36,+02:39:30.70,,6.41,,,2.657e8,7.444e6,7.241e6,1.862e44,4.337e42,4.239e42,,,,-24.52,0.03,0.03,,,,,,,,,,,
100,J1535+1943,"Wang et al. (2019), Yang et al. (2021), D'Odorico et al. (2023)","https://iopscience.iop.org/article/10.3847/1538-4357/ab2be5/pdf, https://iopscience.iop.org/article/10.3847/1538-4357/ac2b32, https://academic.oup.com/mnras/article/523/1/1399/7172883",DELS,15:35:32.87,+19:43:20.10,,6.370,0.001,0.001,3.53e9,0.33e9,0.33e9,33.5e46,1.7e46,1.7e46,0.8,0.1,0.1,-27.01,0.13,0.13,,,,,,,,,,,"z, mass, L_bol, f_Edd from Yang et al. (2021), coordinates from D'Odorico et al. (2023), additional information here: https://arxiv.org/pdf/2306.16474  Mazzucchelli et al. (2023)"
101,J1137+0045,Matsuoka et al. (2019),https://arxiv.org/pdf/1908.07910,HSC,11:37:53.64,+00:45:09.70,,6.4,,,1.979e8,2.517e7,2.233e7,,,,,,,-24.20,0.13,0.13,,,,,,,,,,,
102,J0844+0226,Matsuoka et al. (2019),https://arxiv.org/pdf/1908.07910,HSC,08:44:56.62,+02:26:40.50,,6.40,,,1.755e7,9.510e6,6.168e6,,,,,,,-21.57,0.47,0.47,,,,,,,,,,,
103,J2236+0032,"Banados et al. (2016), Matsuoka et al. (2016)","https://arxiv.org/pdf/1608.03279, https://iopscience.iop.org/article/10.3847/0004-637X/828/1/26",HSC,22:36:44.58,+00:32:56.90,,6.40,,,1.203e8,1.161e7,1.059e7,,,,,,,-23.66,0.10,0.10,,,,,,,,,,,M1450 from Matsuoka et al. (2016)
104,J0859+0022,"Banados et al. (2016), Ishimoto et al. (2020), Onoue et al. (2019)","https://arxiv.org/pdf/1608.03279, https://iopscience.iop.org/article/10.3847/1538-4357/abb80b/pdf, https://arxiv.org/pdf/1904.07278",HSC,08:59:07.19,+00:22:55.90,,6.3903,0.0005,0.0005,0.38e8,0.10e8,0.18e8,,,,1.1,0.5,0.3,-23.10,0.27,0.27,,,,,,,,,,,"z from Ishimoto et al. (2020), M1450, mass, f_Edd from Onoue et al. (2019), L_bol (LyA) from Matsuoka et al. (2018)"
105,J1036-0232/J159.2-02.54/P195-02,"Banados et al. (2016), Decarli et al. (2018)","https://arxiv.org/pdf/1608.03279, https://iopscience.iop.org/article/10.3847/1538-4357/aaa5aa",PSO,10:36:54.191,-02:32:37.94,,6.38,0.05,0.05,2.170e9,,,,,,,,,-26.80,,,,,,,,,,,,,"z, coordinates from Decarli et al. (2018)"
106,J0803+3138,"Wang et al. (2019), Yang et al. (2021)","https://iopscience.iop.org/article/10.3847/1538-4357/ab2be5/pdf, https://iopscience.iop.org/article/10.3847/1538-4357/ac2b32",DELS,08:03:05.42,+31:38:34.20,,6.377,0.006,0.006,1.40e9,0.18e9,0.18e9,13.4e46,1.1e46,1.1e46,0.8,0.1,0.1,-26.51,0.14,0.14,,,,,,,,,,,"mass, L_bol, f_Edd from Yang et al. (2021)"
107,J1152+0055,"Banados et al. (2016), Ishimoto et al. (2020), Onoue et al. (2019)","https://arxiv.org/pdf/1608.03279, https://iopscience.iop.org/article/10.3847/1538-4357/abb80b/pdf, https://arxiv.org/pdf/1904.07278",VIK/HSC,11:52:21.27,+00:55:36.69,,6.3637,0.0005,0.0005,6.3e8,0.8e8,1.2e8,,,,0.43,0.08,0.05,-25.08,0.07,0.07,,,,,,,,,,,"z, mass from Ishimoto et al. (2020), mass, f_Edd from Onoue et al. (2019), L_bol from Matsuoka et al. (2018)"
108,J0211-0203,Matsuoka et al. (2018),https://arxiv.org/pdf/1803.01861,HSC,02:11:44.53,-02:03:03.90,,6.37,,,9.129e7,5.187e6,4.908e6,,,,,,,-23.36,0.06,0.06,43.64,0.04,0.04,,,,,,,,
109,J2304+0045,"Matsuoka et al. (2018), Ishimoto et al. (2020)","https://arxiv.org/pdf/1803.01861, https://iopscience.iop.org/article/10.3847/1538-4357/abb80b/pdf	",HSC,23:04:22.97,+00:45:05.40,,6.3504,0.0002,0.0002,2.130e8,5.968e6,5.805e6,6.166e43,4.410e42,4.116e42,,,,-24.28,0.03,0.03,,,,,,,,,,,z from Ishimoto et al. (2020)
110,J1316+1028,"Wang et al. (2019), Yang et al. (2021)","https://iopscience.iop.org/article/10.3847/1538-4357/ab2be5/pdf, https://iopscience.iop.org/article/10.3847/1538-4357/ac2b32",DELS,13:16:08.14,+10:28:32.80,,6.35,0.04,0.04,1.01e9,0.37e9,0.37e9,14.8e46,3.3e46,3.3e46,1.2,0.5,0.5,-25.73,0.17,0.17,,,,,,,,,,,"mass, L_bol, f_Edd from Yang et al. (2021)"
111,J0857+0056,Matsuoka et al. (2018),https://arxiv.org/pdf/1704.05854,HSC,08:57:38.53,+00:56:12.70,,6.35,,,6.613e7,4.404e6,4.129e6,,,,,,,-23.01,0.07,0.07,,,,,,,,,,,
112,J2255+0251,Matsuoka et al. (2018),https://arxiv.org/pdf/1803.01861,HSC,22:55:38.04,+02:51:26.60,,6.34,,,1.460e8,5.480e6,5.282e6,,,,,,,-23.87,0.04,0.04,,,,,,,,,,,
113,J2211-3206/J332.8-32.10,"Decarli et al. (2018), Mazzucchelli et al. (2023)","https://iopscience.iop.org/article/10.3847/1538-4357/aaa5aa, https://arxiv.org/pdf/2306.16474",VIK/VST-ATLAS,22:11:12.391,-32:06:12.94,,6.3394,0.0010,0.0010,1.862e9,2.759e8,2.772e8,2.754e47,0.04,0.05,1.15,0.2,0.2,-26.71,,,,,,,,,,,,,"mass(CIV), L_bol, f_Edd(CIV) from Mazzucchelli et al. (2023), additional information here: https://iopscience.iop.org/article/10.3847/1538-4357/ab2f75#apjab2f75fn1 Mazzucchelli et al. (2019), https://academic.oup.com/mnras/article/478/2/1649/4944228 Chehade et al. (2018)"
114,J1406-0116,"Matsuoka et al. (2018), Ishimoto et al. (2020)","https://arxiv.org/pdf/1803.01861, https://iopscience.iop.org/article/10.3847/1538-4357/abb80b/pdf",HSC,14:06:29.12,-01:16:11.20,,6.292,0.002,0.002,3.314e8,5.976e7,5.063e7,,,,,,,-24.76,0.18,0.18,,,,,,,,,,,
115,J1148+0702,Decarli et al. (2018),https://iopscience.iop.org/article/10.3847/1538-4357/aaa5aa,ULAS,11:48:03.286,+07:02:08.33,,6.339,0.001,0.001,1.631e9,,,,,,,,,-26.49,,,,,,,,,,,,,
116,J0142-3327/J025.6-33.46,Carnall et al. (2015),https://academic.oup.com/mnrasl/article/451/1/L16/954689,ATLAS,01:42:43.70,-33:27:45.72,,6.31,0.03,0.03,5.450e9,1.102e9,9.169e8,,,,,,,-27.8,0.2,0.2,,,,,,,,,,,
117,J1030+0524,"Banados et al. (2016), D'Odorico et al. (2023), Yue et al. (2024)","https://arxiv.org/pdf/1608.03279, https://academic.oup.com/mnras/article/523/1/1399/7172883, https://arxiv.org/pdf/2309.04614",SDSS,10:30:27.11,+05:24:55.06,,6.304,0.002,0.002,1.538e9,1.423e7,1.059e7,,,,0.94,,,-26.99,,,,,,,,,,,,,"z from D'Odorico et al. (2023), mass, f_Edd from Yue et al. (2024)"
118,J1146-0005,Matsuoka et al. (2018),https://arxiv.org/pdf/1803.01861,HSC,11:46:58.89,-00:05:37.70,,6.30,,,1.586e7,1.248e7,6.984e6,,,,,,,-21.46,0.63,0.63,,,,,,,,,,,
119,J1525+4303,Matsuoka et al. (2019),https://arxiv.org/pdf/1908.07910,HSC,15:25:55.79,+43:03:24.00,,6.27,,,1.149e8,6.530e6,6.178e6,,,,,,,-23.61,0.06,0.06,,,,,,,,,,,
120,J0905+0300,Matsuoka et al. (2018),https://arxiv.org/pdf/1704.05854,HSC,09:05:44.65,+03:00:58.80,,6.27,,,4.329e7,4.616e6,4.171e6,,,,,,,-22.55,0.11,0.11,,,,,,,,,,,
121,J1146+0124,Matsuoka et al. (2018),https://arxiv.org/pdf/1803.01861,HSC,11:46:48.42,+01:24:20.10,,6.27,,,1.260e8,8.392e6,7.868e6,,,,,,,-23.71,0.07,0.07,,,,,,,,,,,
122,J1623+3112,"Ishimoto et al. (2020), Eilers et al. (2017)","https://iopscience.iop.org/article/10.3847/1538-4357/abb80b/pdf, https://iopscience.iop.org/article/10.3847/1538-4357/aa6c60",SDSS,16:23:31.81,+31:12:00.53,,6.2572,0.0024,0.0024,1.723e9,,,,,,,,,-26.55,,,,,,,,,,,,,Instrument from Eilers et al. (2017)
123,J0050+3445,"Ishimoto et al. (2020), Eilers et al. (2017)","https://iopscience.iop.org/article/10.3847/1538-4357/abb80b/pdf, https://iopscience.iop.org/article/10.3847/1538-4357/aa6c60",CFHQS,00:55:02.91,+34:45:21.65,,6.253,0.003,0.003,1.979e9,,,,,,,,,-26.70,,,,,,,,,,,,,Instrument from Eilers et al. (2017)
124,J0323-4701,"Eilers et al. (2020), Reed et al. (2017)","https://arxiv.org/pdf/2002.01811, https://academic.oup.com/mnras/article/468/4/4702/3089747",VDES,03:23:40.340,-47:11:29.400,,6.241,0.002,0.002,0.28e9,0.20e9,0.20e9,6.457e46,,,1.76,1.24,1.24,-26.02,0.07,0.07,,,,,,,,,,,M1450 from Reed et al. (2017)
125,J0143-5545,Reed et al. (2017),https://academic.oup.com/mnras/article/468/4/4702/3089747,VDES,01:43:10.24,-55:45:10.68,,6.25,0.01,0.01,7.523e8,8.792e7,7.872e7,,,,,,,-25.65,0.12,0.12,,,,,,,,,,,
126,J0844-0052,Matsuoka et al. (2018),https://arxiv.org/pdf/1704.05854,HSC,08:44:31.60,-00:52:54.60,,6.25,,,1.295e8,3.056e7,2.473e7,,,,,,,-23.74,0.23,0.23,,,,,,,,,,,
127,J2032-2114/P308-21/J308.0-21.23,"Banados et al. (2016), Decarli et al. (2018)","https://arxiv.org/pdf/1608.03279, https://iopscience.iop.org/article/10.3847/1538-4357/aaa5aa",PSO,20:32:09.996,-21:14:02.31,,6.24,0.05,0.05,1.434e9,,,,,,,,,-26.35,,,,,,,,,,,,,"coordinates, z from Decarli et al. (2018)"
128,J1048+4637,Banados et al. (2016),https://arxiv.org/pdf/1608.03279,SDSS,10:48:45.07,+46:37:18.55,,6.2284,,,3.254e9,,,,,,,,,-27.24,,,,,,,,,,,,,
129,J0410-4414,Reed et al. (2017),https://academic.oup.com/mnras/article/468/4/4702/3089747,VDES,04:10:03.23,-44:14:40.70,,6.21,0.01,0.01,1.181e9,1.021e8,9.398e7,,,,,,,-26.14,0.09,0.09,,,,,,,,,,,
130,J0136+0226,"Banados et al. (2016), Shen et al. (2019)","https://arxiv.org/pdf/1608.03279, https://iopscience.iop.org/article/10.3847/1538-4357/ab03d9/pdf",CFHQS,01:36:03.17,+02:26:05.70,,6.206,0.009,0.009,3.023e8,,,,,,,,,-24.66,,,,,,,,,,,,,z from Shen et al. (2019)
131,J0217-0208,Matsuoka et al. (2018),https://arxiv.org/pdf/1704.05854,HSC,02:17:21.59,-02:08:52.60,,6.20,,,7.805e7,2.929e6,2.823e6,,,,,,,-23.19,0.04,0.04,,,,,,,,,,,
132,J1217+0131/J184.3+01.52,"Banados et al. (2016), Wang et al. (2018)","https://arxiv.org/pdf/1608.03279, https://arxiv.org/pdf/1703.07490",PSO,12:17:21.34,+01:31:42.47,,6.17,0.05,0.05,5.813e8,,,,,,,,,-25.37,,,,,,,,,,,,,z from Wang et al. (2018)
133,J0227-0605,"Banados et al. (2016), Shen et al. (2019)","https://arxiv.org/pdf/1608.03279, https://iopscience.iop.org/article/10.3847/1538-4357/ab03d9/pdf",CFHQS/HSC/VIK,02:27:43.29,-06:05:30.20,,6.212,0.007,0.007,5.351e8,,,,,,,,,-25.28,,,,,,,,,,,,,
134,J1512+4422,Matsuoka et al. (2019),https://arxiv.org/pdf/1908.07910,HSC,15:12:48.71,+44:22:17.50,,6.19,,,2.782e7,1.044e6,1.006e6,,,,,,,-22.07,0.04,0.04,,,,,,,,,,,
135,J0918+0139,Matsuoka et al. (2018),https://arxiv.org/pdf/1803.01861,HSC,09:18:33.17,+01:39:23.30,,6.19,,,1.260e8,4.729e6,4.558e6,,,,,,,-23.71,0.04,0.04,,,,,,,,,,,
136,J1429+5447,Banados et al. (2016),https://arxiv.org/pdf/1608.03279,CFHQS,14:29:52.17,+54:47:17.70,,6.1831,,,1.139e9,,,,,,,,,-26.10,,,,,,,,,,,,,
137,J2255+0503,Matsuoka et al. (2019),https://arxiv.org/pdf/1908.07910,HSC,22:55:20.78,+05:03:43.30,,6.18,,,2.446e8,4.547e6,4.464e6,,,,,,,-24.43,0.02,0.02,,,,,,,,,,,
138,J1425-0015,Matsuoka et al. (2018),https://arxiv.org/pdf/1704.05854	,HSC,14:25:17.72,-00:15:40.90,,6.18,,,9.827e7,1.827e6,1.794e6,,,,,,,-23.44,0.02,0.02,,,,,,,,,,,
139,J0402+2451/P060+24/J060.5+24.85,"Banados et al. (2016), Shen et al. (2019)","https://arxiv.org/pdf/1608.03279, https://iopscience.iop.org/article/10.3847/1538-4357/ab03d9/pdf",PSO,04:02:12.69,+24:51:24.43,,6.170,0.006,0.006,2.491e9,,,,,,,,,-26.95,,,,,,,,,,,,,z from Shen et al. (2019)
140,J0844-0132,Matsuoka et al. (2018),https://arxiv.org/pdf/1803.01861,HSC,08:44:08.61,-01:32:16.50,,6.18,,,1.601e8,1.707e7,1.543e7,,,,,,,-23.97,0.11,0.11,,,,,,,,,,,
141,J2232+0012,Matsuoka et al. (2018),https://arxiv.org/pdf/1704.05854,HSC,22:32:12.03,+00:12:38.40,,6.18,,,5.500e7,5.307e6,4.840e6,,,,,,,-22.81,0.10,0.10,,,,,,,,,,,
142,J0221-0802,"Banados et al. (2016), Shen et al. (2019)","https://arxiv.org/pdf/1608.03279, https://iopscience.iop.org/article/10.3847/1538-4357/ab03d9/pdf",CFHQS,02:21:22.71,-08:02:51.50,,6.161,0.054,0.054,3.136e8,,,,,,,,,-24.70,,,,,,,,,,,,,z from Shen et al. (2019)
143,J2201+0155,Matsuoka et al. (2018),https://arxiv.org/pdf/1704.05854,HSC,22:01:32.07,+01:55:29.00,,6.16,,,6.374e7,2.392e6,2.305e6,,,,,,,-22.97,0.04,0.04,,,,,,,,,,,
144,J1146-0154,Matsuoka et al. (2016),https://arxiv.org/pdf/1803.01861,HSC,11:46:32.66,-01:54:38.30,,6.16,,,9.736e7,6.484e6,6.079e6,,,,,,,-23.43,0.07,0.07,,,,,,,,,,,
145,J2219+0102/VIMOS2911001793,Kashikawa et al. (2015),https://arxiv.org/pdf/1410.7401,HSC,22:19:17.22,+01:02:48.90,,6.156,,,7.185e7,7.660e6,6.922e6,,,,,,,-23.10,0.11,0.11,,,,,,,,,,,
146,J1347-0157,Matsuoka et al. (2019),https://arxiv.org/pdf/1908.07910,HSC,13:47:33.69,-01:57:50.60,,6.15,,,3.224e8,5.994e6,5.885e6,,,,,,,-24.73,0.02,0.02,,,,,,,,,,,
147,J2356-0622/P359–06/J359.1-06.38,"Decarli et al. (2018), Wang et al. (2016)","https://iopscience.iop.org/article/10.3847/1538-4357/aaa5aa, https://arxiv.org/pdf/1602.04659",PSO,23:56:32.455s,-06:22:59.26,,6.15,0.02,0.02,2.150e9,,,,,,,,,-26.79,,,,,,,,,,,,,z from Wang et al. (2016)
148,J1250+3130,"Banados et al. (2016), Ishimoto et al. (2020)","https://arxiv.org/pdf/1608.03279, https://iopscience.iop.org/article/10.3847/1538-4357/abb80b/pdf",SDSS,12:50:51.93,+31:30:21.90,,6.138,0.005,0.005,1.692e9,,,,,,,,,-26.53,,,,,,,,,,,,,z from Ishimoto et al. (2020)
149,J0909+0440,Matsuoka et al. (2018),https://arxiv.org/pdf/1803.01861,HSC,09:09:21.50,+04:40:42.90,,6.15,,,3.702e8,6.882e6,6.756e6,,,,,,,-24.88,0.02,0.02,,,,,,,,,,,
150,J0834+0211,Matsuoka et al. (2018),https://arxiv.org/pdf/1803.01861,HSC,08:34:00.88,+02:11:46.90,,6.15,,,1.723e8,1.490e7,1.371e7,,,,,,,-24.05,0.09,0.09,,,,,,,,,,,
151,J2318-3029,"Venemans et al. (2020), Decarli et al. (2018)","https://iopscience.iop.org/article/10.3847/1538-4357/abc563, https://iopscience.iop.org/article/10.3847/1538-4357/aaa5aa",VIK,23:18:33.099,-30:29:33.58,,6.1456,0.0002,0.0002,1.260e9,,,,,,,,,-26.21,,,,,,,,,,,,,M1450 from Decarli et al. (2018)
152,J1448+4333,Matsuoka et al. (2019),https://arxiv.org/pdf/1908.07910,HSC,14:48:23.33,+43:33:05.90,,6.14,,,2.293e8,8.605e6,8.294e6,,,,,,,-24.36,0.04,0.04,,,,,,,,,,,
153,J0421-2657/P065–26/J065.4-26.95,"Decarli et al. (2018), Banados et al. (2016)","https://iopscience.iop.org/article/10.3847/1538-4357/aaa5aa, https://arxiv.org/pdf/1608.03279",PSO,04:21:38.052,-26:57:15.60,,6.14,0.05,0.05,3.284e9,,,,,,,,,-27.25,,,,,,,,,,,,,M1450 from Banados et al. (2016)
154,J1401+2749/J210.4+27.82,Banados et al. (2016),https://arxiv.org/pdf/1608.03279,PSO,14:01:47.34,+27:49:35.03,,6.14,,,1.708e9,,,,,,,,,-26.54,,,,,,,,,,,,,
155,J1609+3041,Banados et al. (2016),https://arxiv.org/pdf/1608.03279,ULAS,16:09:37.27,+30:41:47.78,,6.14,,,1.474e9,,,,,,,,,-26.38,,,,,,,,,,,,,
156,J1431-0724/J217.9-07.41,Banados et al. (2016),https://arxiv.org/pdf/1608.03279,PSO,14:31:40.45,-07:24:43.47,,6.14,,,1.434e9,,,,,,,,,-26.35,,,,,,,,,,,,,
157,J1319+0950,"D'Odorico et al. (2023), Venemans et al. (2020), Banados et al. (2016)","https://academic.oup.com/mnras/article/523/1/1399/7172883, https://iopscience.iop.org/article/10.3847/1538-4357/abc563, https://arxiv.org/pdf/1608.03279",ULAS,13:19:11.291,+09:50:51.49,,6.1347,0.0005,0.0005,3.388e9,4.135e8,3.685e8,,,,,,,-27.05,,,,,,,,,,,,,"coordinates from Venemans et al. (2020), M1450 from Banados et al. (2016)"
158,J1516+4228,Matsuoka et al. (2019),https://arxiv.org/pdf/1908.07910,HSC,15:16:57.87,+42:28:52.90,,6.13,,,2.272e8,2.102e6,2.083e6,,,,,,,-24.35,0.01,0.01,,,,,,,,,,,
159,J0001+0006,Matsuoka et al. (2019),https://arxiv.org/pdf/1908.07910,HSC,00:01:33.30,+00:06:05.40,,6.13,,,1.272e8,7.226e6,6.837e6,,,,,,,-23.72,0.06,0.06,,,,,,,,,,,
160,J1254-0014,Matsuoka et al. (2019),https://arxiv.org/pdf/1908.07910,HSC,12:54:37.08,-00:14:10.70,,6.13,,,9.559e6,3.276e6,2.440e6,,,,,,,-20.91,0.32,0.32,,,,,,,,,,,
161,J1440-0107,Matsuoka et al. (2018),https://arxiv.org/pdf/1704.05854,HSC,14:40:01.30,-01:07:02.20,,6.13,,,4.492e7,4.333e6,3.952e6,,,,,,,-22.59,0.10,0.10,,,,,,,,,,,
162,J1423-0018,Matsuoka et al. (2018),https://arxiv.org/pdf/1704.05854,HSC,14:23:31.71,-00:18:09.10,,6.13,,,2.336e7,4.724e6,3.929e6,,,,,,,-21.88,0.20,0.20,,,,,,,,,,,
163,J0033-0125,"Banados et al. (2016), Shen et al. (2019)","https://arxiv.org/pdf/1608.03279, https://iopscience.iop.org/article/10.3847/1538-4357/ab03d9/pdf",CFHQS,00:33:11.40,-01:25:24.90,,5.978,0.010,0.010,4.703e8,,,,,,,,,-25.14,,,,,,,,,,,,,z from Shen et al. (2019)
164,J1509-1749,"Decarli et al. (2018), D'Odorico et al. (2023)","https://iopscience.iop.org/article/10.3847/1538-4357/aaa5aa, https://academic.oup.com/mnras/article/523/1/1399/7172883",CFHQS,15:09:41.778,-17:49:26.80,,6.1225,0.0007,0.0006,1.995e9,8.231e8,7.930e8,,,,,,,-27.14,,,,,,,,,,,,,mass from D'Odorico et al. (2023)
165,J0422-1927/P065–19/J065.5-19.45,Decarli et al. (2018),https://iopscience.iop.org/article/10.3847/1538-4357/aaa5aa,PSO,04:22:00.994,-19:27:28.68,,6.12,0.05,0.05,1.838e9,,,,,,,,,-26.62,,,,,,,,,,,,,
166,J1427+3312,"Banados et al. (2016), Khusanova et al. (2022)","https://arxiv.org/pdf/1608.03279, https://www.aanda.org/articles/aa/full_html/2022/08/aa43660-22/aa43660-22.html",FIRST,14:27:38.59,+33:12:42.00,,6.12,,,1.139e9,,,,,,,,,-26.10,,,,,,30-90,,,,,,,SFR_CII from Khusanova et al. (2022)
167,J2315-0023,"Banados et al. (2016), Jiang et al. (2008)","https://arxiv.org/pdf/1608.03279, https://iopscience.iop.org/article/10.1088/0004-6256/135/3/1057",SDSS,23:15:46.57,-00:23:58.10,,6.117,0.006,0.006,4.703e8,,,,,,,,,-25.14,,,,,,,,,,,,,z from Jiang et al. (2008)
168,J2252+0225,Matsuoka et al. (2018),https://arxiv.org/pdf/1803.01861,HSC,22:52:05.44,+02:25:31.90,,6.12,,,5.157e7,2.930e6,2.773e6,,,,,,,-22.74,0.06,0.06,,,,,,,,,,,
169,J1558-0724/J239.7-07.40,Banados et al. (2016),https://arxiv.org/pdf/1608.03279,PSO,15:58:50.99,-07:24:09.59,,6.11,,,3.985e9,,,,,,,,,-27.46,,,,,,,,,,,,,
170,J1428-1602/P217–16/J217.0-16.04,Decarli et al. (2018),https://iopscience.iop.org/article/10.3847/1538-4357/aaa5aa,PSO,14:28:21.394,-16:02:43.29,,6.11,0.05,0.05,2.446e9,,,,,,,,,-26.93,,,,,,,,,,,,,
171,J0004-0049,Matsuoka et al. (2019),https://arxiv.org/pdf/1908.07910,HSC,00:04:45.81,-00:49:44.30,,6.10,,,1.501e8,8.529e6,8.070e6,,,,,,,-23.90,0.06,0.06,,,,,,,,,,,
172,J0454-4448,"Reed et al. (2017), Decarli et al. (2018)","https://academic.oup.com/mnras/article/468/4/4702/3089747, https://iopscience.iop.org/article/10.3847/1538-4357/aaa5aa",VDES,04:54:01.79,-44:48:31.10,,6.0581,0.0006,0.0006,1.447e9,6.818e7,6.512e7,,,,,,,-26.36,0.05,0.05,,,,,,,,,,,z from Decarli et al. (2018)
173,J0009+3252/J002.3+32.87,Banados et al. (2016),https://arxiv.org/pdf/1608.03279,PSO,00:09:30.89,+32:52:12.94,,6.10,,,7.523e8,,,,,,,,,-25.65,,,,,,,,,,,,,
174,J1406-0144,Matsuoka et al. (2018),https://arxiv.org/pdf/1803.01861,HSC,14:06:46.88,-01:44:02.60,,6.10,,,9.213e7,1.463e7,1.262e7,,,,,,,-23.37,0.16,0.16,,,,,,,,,,,
175,J0235-0532,Matsuoka et al. (2018),https://arxiv.org/pdf/1704.05854,HSC,02:35:42.42,-05:32:41.60,,6.09,,,6.613e7,3.117e6,2.976e6,,,,,,,-23.01,0.05,0.05,,,,,,,,,,,
176,J1602+4228,"Banados et al. (2016), Ishimoto et al. (2020)","https://arxiv.org/pdf/1608.03279, https://iopscience.iop.org/article/10.3847/1538-4357/abb80b/pdf",SDSS,16:02:53.98,+42:28:24.94,,6.083,0.005,0.005,2.468e9,,,,,,,,,-26.94,,,,,,,,,,,,,
177,J0935-0110,Matsuoka et al. (2019),https://arxiv.org/pdf/1908.07910,HSC,09:35:43.32,-01:10:33.30,,6.08,,,2.537e7,7.465e6,3.877e6,,,,,,,-21.97,0.18,0.28,,,,,,,,,,,
178,J2228+0152,"Matsuoka et al. (2018), Ishimoto et al. (2020)","https://arxiv.org/pdf/1704.05854, https://iopscience.iop.org/article/10.3847/1538-4357/abb80b/pdf",HSC,22:28:47.71,+01:52:40.50,,6.0805,0.0004,0.0004,1.646e8,6.177e6,5.953e6,,,,,,,-24.00,0.04,0.04,,,,,,,,,,,z from Ishimoto et al. (2020)
179,J1932+7139/J293.0+71.65,Banados et al. (2016),https://arxiv.org/pdf/1608.03279,PSO,19:32:07.62,+71:39:08.41,,6.08,,,2.423e9,,,,,,,,,-26.92,,,,,,,,,,,,,
180,J0303-0019,"Banados et al. (2016), Kurk et al. (2009), Ishimoto et al. (2020)","https://arxiv.org/pdf/1608.03279, https://iopscience.iop.org/article/10.1088/0004-637X/702/2/833, https://iopscience.iop.org/article/10.3847/1538-4357/abb80b/pdf",SDSS,03:03:31.40,-00:19:12.90,,6.078,0.007,0.007,2e8,1e8,0.5e8,,,,1.6,0.4,0.6,-25.56,,,,,,,,,,,,,"mass, f_Edd from Kurk et al. (2009), z from Ishimoto et al. (2020)"
181,J0353+0104,"Banados et al. (2016), Shen et al. 92019","https://arxiv.org/pdf/1608.03279, https://iopscience.iop.org/article/10.3847/1538-4357/ab03d9/pdf",SDSS,03:53:49.73:,01:04:04.66,,6.057,0.005,0.005,1.543e9,,,,,,,,,-26.43,,,,,,,,,,,,,"z from Shen et al. (2019), additional information (mass, f_Edd) here: https://iopscience.iop.org/article/10.1088/0004-637X/739/2/56#apj398369fd4 De Rosa et al. (2011)"
182,J1034-1425/J158.6-14.42,Chehade et al. (2018),https://academic.oup.com/mnras/article/478/2/1649/4944228,VST-ATLAS,10:34:46.51,-14:25:15.96,,6.07,0.03,0.03,3.224e9,2.465e8,2.290e8,,,,,,,-27.23,0.08,0.08,,,,,,,,,,,
183,J1559+2212,Wang et al. (2018),https://arxiv.org/pdf/1703.07490,DELS,15:59:09.09,+22:12:14.43,,6.07,0.02,0.02,8.880e8,,,,,,,,,-25.83,,,,,,,,,,,,,
184,J0420-4453,Reed et al. (2017),https://academic.oup.com/mnras/article/468/4/4702/3089747,VDES,04:20:11.34,-44:53:23.80,,6.07,0.01,0.01,1.307e9,7.428e7,7.029e7,,,,,,,-26.25,0.06,0.06,,,,,,,,,,,
185,J0911+0152,Matsuoka et al. (2018),https://arxiv.org/pdf/1704.05854,HSC,09:11:14.27,+01:52:19.40,,6.07,,,2.834e7,1.887e6,1.769e6,,,,,,,-22.09,0.07,0.07,,,,,,,,,,,
186,J1416+0147,Matsuoka et al. (2018),https://arxiv.org/pdf/1803.01861,HSC,14:16:53.01,+01:47:02.20,,6.07,,,8.402e7,8.106e6,7.393e6,,,,,,,-23.27,0.10,0.10,,,,,,,,,,,
187,J0842+1218,"Banados et al. (2016), Venemans et al. (2020), D'Odorico et al. (2023), Mazzucchelli et al. (2023)","https://arxiv.org/pdf/1608.03279, https://iopscience.iop.org/article/10.3847/1538-4357/abc563, https://academic.oup.com/mnras/article/523/1/1399/7172883, https://arxiv.org/pdf/2306.16474",SDSS/UHS,08:42:29.438,+12:18:50.47,,6.0754,0.0005,0.0005,1.995e9,3.490e8,3.735e8,1.778e47,2.170e46,1.934e46,0.68,0.15,0.15,-26.91,,,,,,,,,,,,,"coordinates, z from Venemans et al. (2020), mass from D'Odorico et al. (2023), L_bol, f_Edd (MgII) from Mazzucchelli et al. (2023), instrument from Shen et al. (2019)"
188,J1630+4012,"Banados et al. (2016), Ishimoto et al. (2020)","https://arxiv.org/pdf/1608.03279, https://iopscience.iop.org/article/10.3847/1538-4357/abb80b/pdf",SDSS,16:30:33.90,+40:12:09.69,,6.065,0.007,0.007,1.237e9,,,,,,,,,-26.19,,,,,,,,,,,,,z from Ishimoto et al. (2020)
189,J0106-0030,Matsuoka et al. (2019),https://arxiv.org/pdf/1908.07910,HSC,01:06:03.68,-00:30:15.20,,6.06,,,1.068e8,5.031e6,4.805e6,,,,,,,-23.53,0.05,0.05,,,,,,,,,,,
190,J1201+0133,Matsuoka et al. (2018),https://arxiv.org/pdf/1704.05854,HSC,12:01:03.02,+01:33:56.40,,6.06,,,1.434e8,2.665e6,2.616e6,,,,,,,-23.85,0.02,0.02,,,,,,,,,,,
191,J0559-1534/J089.9-15.58,Banados et al. (2016),https://arxiv.org/pdf/1608.03279,PSO,05:59:45.47,-15:35:00.20,,6.05,,,2.446e9,,,,,,,,,-26.93,,,,,,,,,,,,,
192,J0828+2633,Banados et al. (2016),https://arxiv.org/pdf/1608.03279,ULAS,08:28:13.41,+26:33:55.49,,6.05,,,1.460e9,,,,,,,,,-26.37,,,,,,,,,,,,,
193,J2223+0326,Matsuoka et al. (2018),https://arxiv.org/pdf/1803.01861,HSC,22:23:09.51,+03:26:20.30,,6.05,,,4.970e8,9.241e6,9.072e6,,,,,,,-25.20,0.02,0.02,,,,,,,,,,,
194,J2318-0246,Banados et al. (2016),https://arxiv.org/pdf/1608.03279,CFHQS,23:18:02.80,-02:46:34.00,,6.05,,,4.533e8,,,,,,,,,-25.10,,,,,,,,,,,,,
195,J0957+0053,Matsuoka et al. (2018),https://arxiv.org/pdf/1803.01861,HSC,09:57:40.39,+00:53:33.60,,6.05,,,6.433e7,2.414e6,2.327e6,,,,,,,-22.98,0.04,0.04,,,,,,,,,,,
196,J1641+3755,"Banados et al. (2016), Willott et al. (2010)","https://arxiv.org/pdf/1608.03279, https://iopscience.iop.org/article/10.1088/0004-6256/140/2/546",CFHQS,16:41:21.73,+37:55:20.15,,6.047,0.003,0.003,2.4e8,1.0e8,0.8e8,,,,2.3,,,-25.67,,,,,,,,,,,,,"z, mass, f_Edd from Willott et al. (2010)"
197,J1603+5510/ELAIS1091000446,Kashikawa et al. (2015),https://iopscience.iop.org/article/10.1088/0004-637X/798/1/28,HSC,16:03:49.07,+55:10:32.30,,6.041,,,4.450e7,5.661e6,5.022e6,,,,,,,-22.58,0.13,0.13,,,,,,,,,,,
198,J1429-0002,Matsuoka et al. (2018),https://arxiv.org/pdf/1704.05854,HSC,14:29:20.22,-00:02:07.40,,6.04,,,9.647e7,3.620e6,3.489e6,,,,,,,-23.42,0.04,0.04,,,,,,,,,,,
199,J1207+0630,"Decarli et al. (2018), Banados et al. (2016)","https://iopscience.iop.org/article/10.3847/1538-4357/aaa5aa, https://arxiv.org/pdf/1608.03279",ULAS,12:07:37.440,+06:30:10.37,,6.040,0.003,0.003,1.855e9,,,,,,,,,-26.63,,,,,,,,,,,,,M1450 from Banados et al. (2016)
200,J1402+4024/J210.7+40.40,Banados et al. (2016),https://arxiv.org/pdf/1608.03279,PSO,14:02:54.67,+40:24:03.19,,6.04,,,9.129e8,,,,,,,,,-25.86,,,,,,,,,,,,,
201,J1400-0125,Matsuoka et al. (2018),https://arxiv.org/pdf/1803.01861,HSC,14:00:29.99,-01:25:21.00,,6.04,,,1.249e8,5.884e6,5.619e6,,,,,,,-23.70,0.05,0.05,,,,,,,,,,,
202,J1400-0011,Matsuoka et al. (2018),https://arxiv.org/pdf/1803.01861,HSC,14:00:28.79,-00:11:51.50,,6.04,,,6.257e7,6.672e6,6.029e6,,,,,,,-22.95,0.11,0.11,,,,,,,,,,,
203,J2054-0005,"Banados et al. (2020), Wang et al. (2013), Willott et al. (2015)","https://arxiv.org/pdf/1608.03279, https://iopscience.iop.org/article/10.1088/0004-637X/773/1/44, https://iopscience.iop.org/article/10.1088/0004-637X/801/2/123#apj509348t2",SDSS,20:54:06.49,-00:05:14.80,,6.0391,0.0001,0.0001,0.9e9,1.6e9,0.6e9,,,,,,,-26.21,,,,,,,,,,,,,"z from Wang et al. (2013), mass from Willott et al. (2015)"
204,J0408-5632,"D'Odorico et al. (2023), Mazzucchelli et al. (2023), Reed et al. (2017)","https://academic.oup.com/mnras/article/523/1/1399/7172883, https://arxiv.org/pdf/2306.16474, https://academic.oup.com/mnras/article/468/4/4702/3089747",VDES,04:08:19.23,-56:32:28.80,,6.033,0.004,0.004,2.042e9,4.130e8,3.822e8,1.549e47,3.133e46,3.185e46,0.57,0.16,0.16,-26.51,0.05,0.05,,,,,,,,,,,"L_bol, f_Edd (Mg II) from Mazzucchelli et al. (2023), M1450 from Reed et al. (2017)"
205,J0206-0255,Mastuoka et al. (2018),https://arxiv.org/pdf/1704.05854,HSC/DELS,02:06:11.20,-02:55:37.80,,6.03,,,3.805e8,1.066e7,1.037e7,,,,,,,-24.91,0.03,0.03,,,,,,,,,,,additional information here: https://iopscience.iop.org/article/10.3847/1538-4357/ab2be5/pdf Wang et al. (2019)
206,J0202-0251,Matsuoka et al. (2018),https://arxiv.org/pdf/1704.05854	,HSC,02:02:58.21,-02:51:53.60,,6.03,,,9.384e7,6.250e6,5.859e6,,,,,,,-23.39,0.07,0.07,,,,,,,,,,,
207,J1416+0015,Matsuoka et al. (2018),https://arxiv.org/pdf/1704.05854,HSC,14:16:12.71,+00:15:46.20,,6.03,,,3.736e7,3.604e6,3.287e6,,,,,,,-22.39,0.10,0.10,,,,,,,,,,,
208,J1137+3549,"Banados et al. (2016), Ishimoto et al. (2020), Shen et al. (2019)","https://arxiv.org/pdf/1608.03279, https://iopscience.iop.org/article/10.3847/1538-4357/abb80b/pdf, https://iopscience.iop.org/article/10.3847/1538-4357/ab03d9/pdf",SDSS/UHS,11:37:17.73,+35:49:56.85,,6.009,0.010,0.010,3.634e9,,,,,,,,,-27.36,,,,,,,,,,,,,"z from Ishimoto et al. (2020), instrument from Shen et al. (2019)"
209,J2215+2606/J333.9+26.10,Banados et al. (2016),https://arxiv.org/pdf/1608.03279,PSO,22:15:56.63,+26:06:29.41,,6.03,,,1.557e9,,,,,,,,,-26.44,,,,,,,,,,,,,
210,J1417+0117,Matsuoka et al. (2018),https://arxiv.org/pdf/1704.05854,HSC,14:17:28.67,+01:17:12.40,,6.02,,,5.603e7,2.640e6,2.522e6,,,,,,,-22.83,0.05,0.05,,,,,,,,,,,
211,J0818+1722,"Banados et al. (2016), D'Odorico et al. (2023)","https://arxiv.org/pdf/1608.03279, https://academic.oup.com/mnras/article/523/1/1399/7172883",SDSS,08:18:27.40,+17:22:52.01,,5.960,0.010,0.010,5.754e9,8.525e8,9.681e8,,,,,,,-27.52,,,,,,,,,,,,,"z, mass from D'Odorico et al. (2023)"
212,J0159-3633/J029.9-36.56,"Carnall et al. (2015), Chehade et al. (2018)","https://academic.oup.com/mnrasl/article/451/1/L16/954689, https://academic.oup.com/mnras/article/478/2/1649/4944228",ATLAS,01:59:57.96,-36:33:56.88,,6.02,0.03,0.03,2.537e9,1.940e8,1.802e8,,,,,,,-26.97,0.08,0.08,,,,,,,,,,,M1450 from Chehade et al. (2018)
213,J1257+6349,"Banados et al. (2016), Jiang et al. (2015)","https://arxiv.org/pdf/1608.03279, https://iopscience.iop.org/article/10.1088/0004-6256/149/6/188",SDSS,12:57:57.48,+63:49:37.16,,6.02,0.03,0.03,1.181e9,1.381e8,1.236e8,,,,,,,-26.14,0.12,0.12,,,,,,,,,,,"z, M1450 from Jiang et al. (2015)"
214,J1306+0356,"Venemans et al. (2020), Banados et al. (2016), D'Odorico et al. (2023)","https://iopscience.iop.org/article/10.3847/1538-4357/abc563, https://arxiv.org/pdf/1608.03279, https://academic.oup.com/mnras/article/523/1/1399/7172883",SDSS,13:06:08.259,+03:56:26.19,,6.0330,0.0002,0.0002,1.950e9,4.490e8,4.707e8,,,,,,,-26.81,,,,,,,,,,,,,"M1450 from Banados et al. (2016), mass from D'Odorico et al. (2023)"
215,J0902+0155,Matsuoka et al. (2018),https://arxiv.org/pdf/1704.05854,HSC,09:02:54.87,+01:55:10.90,,6.01,,,4.173e7,1.566e6,1.509e6,,,,,,,-22.51,0.04,0.04,,,,,,,,,,,
216,J0853+0139,Matsuoka et al. (2018),https://arxiv.org/pdf/1704.05854,HSC,08:53:48.84,+01:39:11.00,,6.01,,,4.173e7,5.743e6,5.048e6,,,,,,,-22.51,0.14,0.14,,,,,,,,,,,
217,J2240-1839/P340–18/J340.2-18.66,"Decarli et al. (2018), Chehade etal. (2018)","https://iopscience.iop.org/article/10.3847/1538-4357/aaa5aa, https://academic.oup.com/mnras/article/478/2/1649/4944228",PSO,22:40:48.997,−18:39:43.81,,6.01,0.05,0.05,1.529e9,1.475e8,1.345e8,,,,,,,-26.42,0.10,0.10,,,,,,,,,,,M1450 from Chehade et al. (2018)
218,J1219+0050,Matsuoka et al. (2018),https://arxiv.org/pdf/1803.01861,HSC,12:19:05.34,+00:50:37.50,,6.01,,,1.434e8,6.756e6,6.452e6,,,,,,,-23.85,0.05,0.05,,,,,,,,,,,
219,J1207-0005,Matsuoka et al. (2016),https://iopscience.iop.org/article/10.3847/0004-637X/828/1/26,HSC,12:07:54.14,-00:05:53.30,,6.01,,,4.492e7,3.435e6,3.191e6,,,,,,,-22.59,0.08,0.08,,,,,,,,,,,
220,J0216-0455,"Willott et al. (2009), Banados et al. (2016)","https://iopscience.iop.org/article/10.1088/0004-6256/137/3/3541, https://arxiv.org/pdf/1608.03279",CFHQS,02:16:27.81,-04:55:34.10,,6.01,,,4.096e7,,,,,,,,,-22.49,,,,,,,,,,,,,
221,J2228+0128,Matsuoka et al. (2016),https://iopscience.iop.org/article/10.3847/0004-637X/828/1/26,HSC,22:28:27.83,+01:28:09.50,,6.01,,,3.771e7,4.406e6,3.945e6,,,,,,,-22.40,0.12,0.12,,,,,,,,,,,
222,J1426-0128,Matsuoka et al. (2019),https://arxiv.org/pdf/1908.07910,HSC,14:26:11.33,-01:28:22.80,,6.01,,,1.307e8,1.261e7,1.150e7,,,,,,,-23.75,0.10,0.10,,,,,,,,,,,
223,J0055+0146,"Willott et al. (2015), Willott et al. (2009), Banados et al. (2016)","https://iopscience.iop.org/article/10.1088/0004-637X/801/2/123#apj50934, https://iopscience.iop.org/article/10.1088/0004-6256/137/3/3541, https://arxiv.org/pdf/1608.03279",CFHQS,00:55:02.91,+01:46:18.30,,6.0060,0.0008,0.0008,2.4e8,2.6e8,1.4e8,,,,1.2,,,-24.81,,,,,,83,13,13,,,,,"coordinates from Willott et al. (2009), f_Edd from Willott et al. (2010), M1450 from Banados et al. (2016)"
224,J2310+1855,"Wang et al. (2013), D'Odorico et al. (2023), Banados et al. (2016)","https://iopscience.iop.org/article/10.1088/0004-637X/773/1/44, https://academic.oup.com/mnras/article/523/1/1399/7172883, https://arxiv.org/pdf/1608.03279",SDSS,23:10:38.89,+18:55:19.70,,6.0031,0.0002,0.0002,4.677e9,6.930e8,7.869e8,3.577e47,,,,,,-27.80,,,,,,,,,,,,,"coordinates, mass from D'Odorico et al. (2023), M1450 from Banados et al. (2016)"
225,J2250-5015,"D'Odorico et al. (2023), Mazzucchelli et al. (2023), Reed et al. (2017)","https://academic.oup.com/mnras/article/523/1/1399/7172883, https://arxiv.org/pdf/2306.16474, https://academic.oup.com/mnras/article/468/4/4702/3089747",VDES,22:50:02.01,-50:15:42.20,,5.985,0.003,0.003,4.571e9,7.178e9,2.793e9,2.754e47,4.817e46,4.634e46,0.46,0.72,0.72,-26.80,0.04,0.04,,,,,,,,,,,"L_bol, f_Edd from Mazzucchelli et al. (2023), M1450 from Reed et al. (2017)"
226,J0028+0457/J007.0+04.95,"Banados et al. (2016), Jiang et al. (2015), Shen et al. (2019)","https://arxiv.org/pdf/1608.03279, https://iopscience.iop.org/article/10.1088/0004-6256/149/6/188, https://iopscience.iop.org/article/10.3847/1538-4357/ab03d9/pdf",PSO/SDSS,00:28:06.56,+04:57:25.64,,5.982,0.012,0.012,1.474e9,1.422e8,1.297e8,,,,,,,-26.38,0.10,0.10,,,,,,,,,,,"M1450 from Jiang et al. (2015), z from Shen et al. (2019)"
227,J0231-2850/J037.9-28.83,Banados et al. (2016),https://arxiv.org/pdf/1608.03279,PSO,02:31:52.96,-28:50:20.08,,6.00,,,1.284e9,,,,,,,,,-26.23,,,,,,,,,,,,,
228,J2356+0023,Banados et al. (2016),https://arxiv.org/pdf/1608.03279,SDSS,23:56:51.58,+00:23:33.30,,6.00,,,6.552e8,,,,,,,,,-25.50,,,,,,,,,,,,,
229,J0001+2650/P000+26,Shen et al. (2019),https://iopscience.iop.org/article/10.3847/1538-4357/ab03d9/pdf,PSO/UHS,00:01:21.63,+26:50:09.20,,5.733,0.007,0.007,,,,,,,,,,,,,,,,,,,,,,,
230,J0002+2550,Ishimoto et al. (2020),https://iopscience.iop.org/article/10.3847/1538-4357/abb80b/pdf,SDSS/UHS,00:02:39.39,+25:50:34.96,,"5,818",0.007,0.007,3.471e9,,,,,,,,,-27.31,,,,,,,,,,,,,
231,J0008−0626,"Shen at al. (2019), Jiang et al. (2015)","https://iopscience.iop.org/article/10.3847/1538-4357/ab03d9/pdf, https://iopscience.iop.org/article/10.1088/0004-6256/149/6/188",SDSS,00:08:25.77,-06:26:04.60,,5.929,0.003,0.003,1.077e9,9.312e7,8.571e7,,,,,,,-26.04,0.09,0.09,,,,,,,,,,,"z, M1450 from Jiang et al. (2015)"
232,J0203+0012,"Shen et al. (2019), Eilers et al. (2017), Jiang et al. (2008)","https://iopscience.iop.org/article/10.3847/1538-4357/ab03d9/pdf, https://iopscience.iop.org/article/10.3847/1538-4357/aa6c60, https://iopscience.iop.org/article/10.1088/0004-6256/135/3/1057",SDSS/ULAS,02:03:32.38,+00:12:29.27,,5.709,0.010,0.010,8.024e8,7.742e7,7.060e7,,,,,,,-25.72,0.10,0.10,,,,,,,,,,,"coordinates from Eilers et al. (2017), M1450 from Jiang et al. (2008)"
233,J0300−2232/J045.1–22.54,"Banados et al. (2016), Shen et al. (2019)","https://arxiv.org/pdf/1608.03279, https://iopscience.iop.org/article/10.3847/1538-4357/ab03d9/pdf",PSO,03:00:44.18,-22:32:27.19,,5.684,0.008,0.008,1.319e9,,,,,,,,,-26.26,,,,,,,,,,,,,
234,J0810+5105,"Banados et al. (2016), Shen et al. (2019)","https://arxiv.org/pdf/1608.03279, https://iopscience.iop.org/article/10.3847/1538-4357/ab03d9/pdf",SDSS,08:10:54.31,+51:05:40.10,,5.805,0.010,0.010,2.210e9,,,,,,,,,-26.82,,,,,,,,,,,,,z from Shen et al. (2019)
235,J0835+3217,"Shen et al. (2019), Jiang et al. (2016)","https://iopscience.iop.org/article/10.3847/1538-4357/ab03d9/pdf, https://iopscience.iop.org/article/10.3847/1538-4357/833/2/222",SDSS,08:35:25.76,+32:17:52.60,,5.902,0.009,0.009,8.325e8,,,,,,,,,-25.76,,,,,,,,,,,,,M1450 from Jiang et al. (2016)
236,J0836+0054,"Banados et al. (2016), Shen et al. (2019), D'Odorico et al. (2023)","https://arxiv.org/pdf/1608.03279, https://iopscience.iop.org/article/10.3847/1538-4357/ab03d9/pdf, https://academic.oup.com/mnras/article/523/1/1399/7172883",SDSS,08:36:43.86,+00:54:53.26,,5.834,0.007,0.007,3.890e9,1.358e9,1.436e9,,,,,,,-27.75,,,,,,,,,,,,,"z from Shen et al. (2019), mass from D'Odorico et al. (2023)"
237,J0840+5624,"Shen et al. (2019), Banados et al. (2016)","https://iopscience.iop.org/article/10.3847/1538-4357/ab03d9/pdf, https://arxiv.org/pdf/1608.03279",SDSS,08:40:35.09,+56:24:19.90,,5.816,0.010,0.010,3.254e9,,,,,,,,,-27.24,,,,,,,,,,,,,M1450 from Banados et al. (2016)
238,J0841+2905,"Banados et al. (2016), Shen et al. (2019)","https://arxiv.org/pdf/1608.03279, https://iopscience.iop.org/article/10.3847/1538-4357/ab03d9/pdf",SDSS,08:41:19.52,+29:05:04.55,,5.954,0.005,0.005,1.646e9,,,,,,,,,-26.50,,,,,,,,,,,,,z from Shen et al. (2019)
239,J0850+3246,"Banados et al. (2016), Shen et al. (2019), Jiang et al. (2015)","https://arxiv.org/pdf/1608.03279, https://iopscience.iop.org/article/10.3847/1538-4357/ab03d9/pdf, https://iopscience.iop.org/article/10.1088/0004-6256/149/6/188",SDSS/UHS,08:50:48.25,+32:46:47.94,,5.730,0.013,0.013,2.053e9,1.570e8,1.458e8,,,,,,,-26.74,0.08,0.08,,,,,,,,,,,"z from Shen et al. (2019), M1450 from Jiang et al. (2015)"
240,J0927+2001,"Ishimoto et al. (2020), D'Odorico et al. (2023), Mazzucchelli et al. (2023)","https://iopscience.iop.org/article/10.3847/1538-4357/abb80b/pdf, https://academic.oup.com/mnras/article/523/1/1399/7172883, https://arxiv.org/pdf/2306.16474",SDSS/UHS,09:27:2182,+20:01:23.64,,5.7722,0.0006,0.0006,1.288e9,3.336e8,3.333e8,1.202e47,4.960e46,5.104e46,,,,-26.76,,,,,,,,,,,,,"mass from D'Odorico et al. (2023), L_bol from Mazzucchelli et al. (2023), additional information here: https://arxiv.org/pdf/2306.16474 Mazzucchelli et al. (2023)"
241,J1044−0125,"Venemans et al. (2020), Willott et al. (2015), Wang et al. (2013), Banados et al. (2016)","https://iopscience.iop.org/article/10.3847/1538-4357/abc563, https://iopscience.iop.org/article/10.1088/0004-637X/801/2/123#apj509348t2, https://iopscience.iop.org/article/10.1088/0004-637X/773/1/44, https://arxiv.org/pdf/1608.03279",SDSS,10:44:33.040,-01:25:02.08,,5.7846,0.0005,0.0005,1.1e10,1.9e10,0.7e10,4.461e47,,,,,,-27.38,,,,,,,,,,,,,"mass from Willott et al. (2015), L_bol from Wang et al. (2013), M1450 from Banados et al. (2016)"
242,J1143+3808,Eilers et al. (2020),https://arxiv.org/pdf/2002.01811,SDSS,11:43:38.347,+38:08:28.823,,5.8366,0.0023,0.0023,1.961e9,,,,,,,,,-26.69,,,,,,,,,,,,,
